"rules","support","confidence","lift"
"1","{Product N} => {Product D}",0.0666666666666667,1,5
"2","{Product N} => {Product G}",0.0666666666666667,1,3
"3","{Product N} => {Product E}",0.0666666666666667,1,2.5
"4","{Product N} => {Product H}",0.0666666666666667,1,2.14285714285714
"5","{Product N} => {Product F}",0.0666666666666667,1,2.14285714285714
"6","{Product D} => {Product G}",0.2,1,3
"7","{Product D} => {Product E}",0.2,1,2.5
"8","{Product D} => {Product H}",0.2,1,2.14285714285714
"9","{Product D} => {Product F}",0.2,1,2.14285714285714
"10","{Product K} => {Product E}",0.2,1,2.5
"11","{Product K} => {Product J}",0.2,1,2.5
"12","{Product K} => {Product H}",0.2,1,2.14285714285714
"13","{Product K} => {Product F}",0.2,1,2.14285714285714
"14","{Product K} => {Product I}",0.2,1,1.36363636363636
"15","{Product B} => {Product A}",0.333333333333333,0.833333333333333,1.78571428571429
"16","{Product B} => {Product C}",0.4,1,2.14285714285714
"17","{Product C} => {Product B}",0.4,0.857142857142857,2.14285714285714
"18","{Product B} => {Product I}",0.333333333333333,0.833333333333333,1.13636363636364
"19","{Product G} => {Product E}",0.266666666666667,0.8,2
"20","{Product G} => {Product H}",0.266666666666667,0.8,1.71428571428571
"21","{Product G} => {Product F}",0.333333333333333,1,2.14285714285714
"22","{Product A} => {Product I}",0.466666666666667,1,1.36363636363636
"23","{Product C} => {Product I}",0.4,0.857142857142857,1.16883116883117
"24","{Product E} => {Product H}",0.4,1,2.14285714285714
"25","{Product H} => {Product E}",0.4,0.857142857142857,2.14285714285714
"26","{Product E} => {Product F}",0.333333333333333,0.833333333333333,1.78571428571429
"27","{Product J} => {Product F}",0.333333333333333,0.833333333333333,1.78571428571429
"28","{Product J} => {Product I}",0.4,1,1.36363636363636
"29","{Product H} => {Product F}",0.4,0.857142857142857,1.83673469387755
"30","{Product F} => {Product H}",0.4,0.857142857142857,1.83673469387755
"31","{Product D,Product N} => {Product G}",0.0666666666666667,1,3
"32","{Product G,Product N} => {Product D}",0.0666666666666667,1,5
"33","{Product D,Product N} => {Product E}",0.0666666666666667,1,2.5
"34","{Product E,Product N} => {Product D}",0.0666666666666667,1,5
"35","{Product D,Product N} => {Product H}",0.0666666666666667,1,2.14285714285714
"36","{Product H,Product N} => {Product D}",0.0666666666666667,1,5
"37","{Product D,Product N} => {Product F}",0.0666666666666667,1,2.14285714285714
"38","{Product F,Product N} => {Product D}",0.0666666666666667,1,5
"39","{Product G,Product N} => {Product E}",0.0666666666666667,1,2.5
"40","{Product E,Product N} => {Product G}",0.0666666666666667,1,3
"41","{Product G,Product N} => {Product H}",0.0666666666666667,1,2.14285714285714
"42","{Product H,Product N} => {Product G}",0.0666666666666667,1,3
"43","{Product G,Product N} => {Product F}",0.0666666666666667,1,2.14285714285714
"44","{Product F,Product N} => {Product G}",0.0666666666666667,1,3
"45","{Product E,Product N} => {Product H}",0.0666666666666667,1,2.14285714285714
"46","{Product H,Product N} => {Product E}",0.0666666666666667,1,2.5
"47","{Product E,Product N} => {Product F}",0.0666666666666667,1,2.14285714285714
"48","{Product F,Product N} => {Product E}",0.0666666666666667,1,2.5
"49","{Product H,Product N} => {Product F}",0.0666666666666667,1,2.14285714285714
"50","{Product F,Product N} => {Product H}",0.0666666666666667,1,2.14285714285714
"51","{Product D,Product K} => {Product O}",0.0666666666666667,1,3.75
"52","{Product D,Product O} => {Product K}",0.0666666666666667,1,5
"53","{Product K,Product O} => {Product D}",0.0666666666666667,1,5
"54","{Product D,Product K} => {Product G}",0.0666666666666667,1,3
"55","{Product D,Product K} => {Product E}",0.0666666666666667,1,2.5
"56","{Product D,Product K} => {Product J}",0.0666666666666667,1,2.5
"57","{Product D,Product J} => {Product K}",0.0666666666666667,1,5
"58","{Product D,Product K} => {Product H}",0.0666666666666667,1,2.14285714285714
"59","{Product D,Product K} => {Product F}",0.0666666666666667,1,2.14285714285714
"60","{Product D,Product K} => {Product I}",0.0666666666666667,1,1.36363636363636
"61","{Product D,Product I} => {Product K}",0.0666666666666667,1,5
"62","{Product D,Product O} => {Product G}",0.0666666666666667,1,3
"63","{Product G,Product O} => {Product D}",0.0666666666666667,1,5
"64","{Product D,Product O} => {Product E}",0.0666666666666667,1,2.5
"65","{Product E,Product O} => {Product D}",0.0666666666666667,1,5
"66","{Product D,Product O} => {Product J}",0.0666666666666667,1,2.5
"67","{Product D,Product J} => {Product O}",0.0666666666666667,1,3.75
"68","{Product J,Product O} => {Product D}",0.0666666666666667,1,5
"69","{Product D,Product O} => {Product H}",0.0666666666666667,1,2.14285714285714
"70","{Product H,Product O} => {Product D}",0.0666666666666667,1,5
"71","{Product D,Product O} => {Product F}",0.0666666666666667,1,2.14285714285714
"72","{Product F,Product O} => {Product D}",0.0666666666666667,1,5
"73","{Product D,Product O} => {Product I}",0.0666666666666667,1,1.36363636363636
"74","{Product D,Product I} => {Product O}",0.0666666666666667,1,3.75
"75","{Product D,Product G} => {Product E}",0.2,1,2.5
"76","{Product D,Product E} => {Product G}",0.2,1,3
"77","{Product D,Product J} => {Product G}",0.0666666666666667,1,3
"78","{Product D,Product G} => {Product H}",0.2,1,2.14285714285714
"79","{Product D,Product H} => {Product G}",0.2,1,3
"80","{Product D,Product G} => {Product F}",0.2,1,2.14285714285714
"81","{Product D,Product F} => {Product G}",0.2,1,3
"82","{Product D,Product I} => {Product G}",0.0666666666666667,1,3
"83","{Product D,Product J} => {Product E}",0.0666666666666667,1,2.5
"84","{Product D,Product E} => {Product H}",0.2,1,2.14285714285714
"85","{Product D,Product H} => {Product E}",0.2,1,2.5
"86","{Product D,Product E} => {Product F}",0.2,1,2.14285714285714
"87","{Product D,Product F} => {Product E}",0.2,1,2.5
"88","{Product D,Product I} => {Product E}",0.0666666666666667,1,2.5
"89","{Product D,Product J} => {Product H}",0.0666666666666667,1,2.14285714285714
"90","{Product D,Product J} => {Product F}",0.0666666666666667,1,2.14285714285714
"91","{Product D,Product J} => {Product I}",0.0666666666666667,1,1.36363636363636
"92","{Product D,Product I} => {Product J}",0.0666666666666667,1,2.5
"93","{Product D,Product H} => {Product F}",0.2,1,2.14285714285714
"94","{Product D,Product F} => {Product H}",0.2,1,2.14285714285714
"95","{Product D,Product I} => {Product H}",0.0666666666666667,1,2.14285714285714
"96","{Product D,Product I} => {Product F}",0.0666666666666667,1,2.14285714285714
"97","{Product K,Product O} => {Product G}",0.0666666666666667,1,3
"98","{Product G,Product O} => {Product K}",0.0666666666666667,1,5
"99","{Product K,Product O} => {Product E}",0.0666666666666667,1,2.5
"100","{Product E,Product O} => {Product K}",0.0666666666666667,1,5
"101","{Product K,Product O} => {Product J}",0.0666666666666667,1,2.5
"102","{Product J,Product O} => {Product K}",0.0666666666666667,1,5
"103","{Product K,Product O} => {Product H}",0.0666666666666667,1,2.14285714285714
"104","{Product H,Product O} => {Product K}",0.0666666666666667,1,5
"105","{Product K,Product O} => {Product F}",0.0666666666666667,1,2.14285714285714
"106","{Product F,Product O} => {Product K}",0.0666666666666667,1,5
"107","{Product K,Product O} => {Product I}",0.0666666666666667,1,1.36363636363636
"108","{Product G,Product K} => {Product E}",0.133333333333333,1,2.5
"109","{Product G,Product K} => {Product J}",0.133333333333333,1,2.5
"110","{Product G,Product K} => {Product H}",0.133333333333333,1,2.14285714285714
"111","{Product G,Product K} => {Product F}",0.133333333333333,1,2.14285714285714
"112","{Product G,Product K} => {Product I}",0.133333333333333,1,1.36363636363636
"113","{Product E,Product K} => {Product J}",0.2,1,2.5
"114","{Product J,Product K} => {Product E}",0.2,1,2.5
"115","{Product E,Product J} => {Product K}",0.2,1,5
"116","{Product E,Product K} => {Product H}",0.2,1,2.14285714285714
"117","{Product H,Product K} => {Product E}",0.2,1,2.5
"118","{Product E,Product K} => {Product F}",0.2,1,2.14285714285714
"119","{Product F,Product K} => {Product E}",0.2,1,2.5
"120","{Product E,Product K} => {Product I}",0.2,1,1.36363636363636
"121","{Product I,Product K} => {Product E}",0.2,1,2.5
"122","{Product E,Product I} => {Product K}",0.2,1,5
"123","{Product J,Product K} => {Product H}",0.2,1,2.14285714285714
"124","{Product H,Product K} => {Product J}",0.2,1,2.5
"125","{Product J,Product K} => {Product F}",0.2,1,2.14285714285714
"126","{Product F,Product K} => {Product J}",0.2,1,2.5
"127","{Product J,Product K} => {Product I}",0.2,1,1.36363636363636
"128","{Product I,Product K} => {Product J}",0.2,1,2.5
"129","{Product H,Product K} => {Product F}",0.2,1,2.14285714285714
"130","{Product F,Product K} => {Product H}",0.2,1,2.14285714285714
"131","{Product H,Product K} => {Product I}",0.2,1,1.36363636363636
"132","{Product I,Product K} => {Product H}",0.2,1,2.14285714285714
"133","{Product F,Product K} => {Product I}",0.2,1,1.36363636363636
"134","{Product I,Product K} => {Product F}",0.2,1,2.14285714285714
"135","{Product M,Product O} => {Product L}",0.0666666666666667,1,3
"136","{Product L,Product O} => {Product M}",0.0666666666666667,1,3.75
"137","{Product M,Product O} => {Product B}",0.0666666666666667,1,2.5
"138","{Product M,Product O} => {Product C}",0.0666666666666667,1,2.14285714285714
"139","{Product B,Product L} => {Product M}",0.0666666666666667,1,3.75
"140","{Product C,Product L} => {Product M}",0.133333333333333,1,3.75
"141","{Product J,Product M} => {Product L}",0.133333333333333,1,3
"142","{Product H,Product M} => {Product L}",0.0666666666666667,1,3
"143","{Product F,Product M} => {Product L}",0.0666666666666667,1,3
"144","{Product B,Product M} => {Product C}",0.133333333333333,1,2.14285714285714
"145","{Product A,Product M} => {Product I}",0.133333333333333,1,1.36363636363636
"146","{Product C,Product J} => {Product M}",0.0666666666666667,1,3.75
"147","{Product H,Product M} => {Product C}",0.0666666666666667,1,2.14285714285714
"148","{Product C,Product H} => {Product M}",0.0666666666666667,1,3.75
"149","{Product F,Product M} => {Product C}",0.0666666666666667,1,2.14285714285714
"150","{Product C,Product F} => {Product M}",0.0666666666666667,1,3.75
"151","{Product H,Product M} => {Product J}",0.0666666666666667,1,2.5
"152","{Product F,Product M} => {Product J}",0.0666666666666667,1,2.5
"153","{Product J,Product M} => {Product I}",0.133333333333333,1,1.36363636363636
"154","{Product H,Product M} => {Product F}",0.0666666666666667,1,2.14285714285714
"155","{Product F,Product M} => {Product H}",0.0666666666666667,1,2.14285714285714
"156","{Product H,Product M} => {Product I}",0.0666666666666667,1,1.36363636363636
"157","{Product F,Product M} => {Product I}",0.0666666666666667,1,1.36363636363636
"158","{Product L,Product O} => {Product B}",0.0666666666666667,1,2.5
"159","{Product B,Product L} => {Product O}",0.0666666666666667,1,3.75
"160","{Product L,Product O} => {Product C}",0.0666666666666667,1,2.14285714285714
"161","{Product A,Product O} => {Product B}",0.133333333333333,1,2.5
"162","{Product B,Product O} => {Product C}",0.2,1,2.14285714285714
"163","{Product C,Product O} => {Product B}",0.2,1,2.5
"164","{Product G,Product O} => {Product E}",0.0666666666666667,1,2.5
"165","{Product E,Product O} => {Product G}",0.0666666666666667,1,3
"166","{Product G,Product O} => {Product J}",0.0666666666666667,1,2.5
"167","{Product J,Product O} => {Product G}",0.0666666666666667,1,3
"168","{Product G,Product O} => {Product H}",0.0666666666666667,1,2.14285714285714
"169","{Product H,Product O} => {Product G}",0.0666666666666667,1,3
"170","{Product G,Product O} => {Product F}",0.0666666666666667,1,2.14285714285714
"171","{Product F,Product O} => {Product G}",0.0666666666666667,1,3
"172","{Product G,Product O} => {Product I}",0.0666666666666667,1,1.36363636363636
"173","{Product A,Product O} => {Product C}",0.133333333333333,1,2.14285714285714
"174","{Product A,Product O} => {Product I}",0.133333333333333,1,1.36363636363636
"175","{Product E,Product O} => {Product J}",0.0666666666666667,1,2.5
"176","{Product J,Product O} => {Product E}",0.0666666666666667,1,2.5
"177","{Product E,Product O} => {Product H}",0.0666666666666667,1,2.14285714285714
"178","{Product H,Product O} => {Product E}",0.0666666666666667,1,2.5
"179","{Product E,Product O} => {Product F}",0.0666666666666667,1,2.14285714285714
"180","{Product F,Product O} => {Product E}",0.0666666666666667,1,2.5
"181","{Product E,Product O} => {Product I}",0.0666666666666667,1,1.36363636363636
"182","{Product J,Product O} => {Product H}",0.0666666666666667,1,2.14285714285714
"183","{Product H,Product O} => {Product J}",0.0666666666666667,1,2.5
"184","{Product J,Product O} => {Product F}",0.0666666666666667,1,2.14285714285714
"185","{Product F,Product O} => {Product J}",0.0666666666666667,1,2.5
"186","{Product J,Product O} => {Product I}",0.0666666666666667,1,1.36363636363636
"187","{Product H,Product O} => {Product F}",0.0666666666666667,1,2.14285714285714
"188","{Product F,Product O} => {Product H}",0.0666666666666667,1,2.14285714285714
"189","{Product H,Product O} => {Product I}",0.0666666666666667,1,1.36363636363636
"190","{Product F,Product O} => {Product I}",0.0666666666666667,1,1.36363636363636
"191","{Product B,Product L} => {Product C}",0.0666666666666667,1,2.14285714285714
"192","{Product G,Product L} => {Product A}",0.0666666666666667,1,2.14285714285714
"193","{Product A,Product G} => {Product L}",0.0666666666666667,1,3
"194","{Product G,Product L} => {Product J}",0.0666666666666667,1,2.5
"195","{Product G,Product L} => {Product F}",0.0666666666666667,1,2.14285714285714
"196","{Product G,Product L} => {Product I}",0.0666666666666667,1,1.36363636363636
"197","{Product A,Product L} => {Product J}",0.133333333333333,1,2.5
"198","{Product A,Product J} => {Product L}",0.133333333333333,1,3
"199","{Product A,Product F} => {Product L}",0.0666666666666667,1,3
"200","{Product A,Product L} => {Product I}",0.133333333333333,1,1.36363636363636
"201","{Product C,Product J} => {Product L}",0.0666666666666667,1,3
"202","{Product C,Product H} => {Product L}",0.0666666666666667,1,3
"203","{Product C,Product F} => {Product L}",0.0666666666666667,1,3
"204","{Product E,Product L} => {Product H}",0.0666666666666667,1,2.14285714285714
"205","{Product F,Product L} => {Product J}",0.133333333333333,1,2.5
"206","{Product J,Product L} => {Product I}",0.2,1,1.36363636363636
"207","{Product I,Product L} => {Product J}",0.2,1,2.5
"208","{Product F,Product L} => {Product I}",0.133333333333333,1,1.36363636363636
"209","{Product A,Product B} => {Product C}",0.333333333333333,1,2.14285714285714
"210","{Product B,Product C} => {Product A}",0.333333333333333,0.833333333333333,1.78571428571429
"211","{Product A,Product C} => {Product B}",0.333333333333333,1,2.5
"212","{Product A,Product B} => {Product I}",0.333333333333333,1,1.36363636363636
"213","{Product B,Product I} => {Product A}",0.333333333333333,1,2.14285714285714
"214","{Product B,Product C} => {Product I}",0.333333333333333,0.833333333333333,1.13636363636364
"215","{Product B,Product I} => {Product C}",0.333333333333333,1,2.14285714285714
"216","{Product C,Product I} => {Product B}",0.333333333333333,0.833333333333333,2.08333333333333
"217","{Product A,Product G} => {Product J}",0.0666666666666667,1,2.5
"218","{Product A,Product G} => {Product F}",0.0666666666666667,1,2.14285714285714
"219","{Product A,Product F} => {Product G}",0.0666666666666667,1,3
"220","{Product A,Product G} => {Product I}",0.0666666666666667,1,1.36363636363636
"221","{Product E,Product G} => {Product H}",0.266666666666667,1,2.14285714285714
"222","{Product G,Product H} => {Product E}",0.266666666666667,1,2.5
"223","{Product E,Product G} => {Product F}",0.266666666666667,1,2.14285714285714
"224","{Product F,Product G} => {Product E}",0.266666666666667,0.8,2
"225","{Product E,Product F} => {Product G}",0.266666666666667,0.8,2.4
"226","{Product G,Product J} => {Product F}",0.2,1,2.14285714285714
"227","{Product G,Product J} => {Product I}",0.2,1,1.36363636363636
"228","{Product G,Product I} => {Product J}",0.2,1,2.5
"229","{Product G,Product H} => {Product F}",0.266666666666667,1,2.14285714285714
"230","{Product F,Product G} => {Product H}",0.266666666666667,0.8,1.71428571428571
"231","{Product G,Product I} => {Product F}",0.2,1,2.14285714285714
"232","{Product A,Product C} => {Product I}",0.333333333333333,1,1.36363636363636
"233","{Product C,Product I} => {Product A}",0.333333333333333,0.833333333333333,1.78571428571429
"234","{Product A,Product F} => {Product J}",0.0666666666666667,1,2.5
"235","{Product A,Product J} => {Product I}",0.133333333333333,1,1.36363636363636
"236","{Product A,Product F} => {Product I}",0.0666666666666667,1,1.36363636363636
"237","{Product C,Product J} => {Product H}",0.0666666666666667,1,2.14285714285714
"238","{Product C,Product H} => {Product J}",0.0666666666666667,1,2.5
"239","{Product C,Product J} => {Product F}",0.0666666666666667,1,2.14285714285714
"240","{Product C,Product F} => {Product J}",0.0666666666666667,1,2.5
"241","{Product C,Product J} => {Product I}",0.0666666666666667,1,1.36363636363636
"242","{Product C,Product H} => {Product F}",0.0666666666666667,1,2.14285714285714
"243","{Product C,Product F} => {Product H}",0.0666666666666667,1,2.14285714285714
"244","{Product C,Product H} => {Product I}",0.0666666666666667,1,1.36363636363636
"245","{Product C,Product F} => {Product I}",0.0666666666666667,1,1.36363636363636
"246","{Product E,Product J} => {Product H}",0.2,1,2.14285714285714
"247","{Product E,Product J} => {Product F}",0.2,1,2.14285714285714
"248","{Product E,Product J} => {Product I}",0.2,1,1.36363636363636
"249","{Product E,Product I} => {Product J}",0.2,1,2.5
"250","{Product E,Product H} => {Product F}",0.333333333333333,0.833333333333333,1.78571428571429
"251","{Product E,Product F} => {Product H}",0.333333333333333,1,2.14285714285714
"252","{Product F,Product H} => {Product E}",0.333333333333333,0.833333333333333,2.08333333333333
"253","{Product E,Product I} => {Product H}",0.2,1,2.14285714285714
"254","{Product E,Product I} => {Product F}",0.2,1,2.14285714285714
"255","{Product H,Product J} => {Product F}",0.266666666666667,1,2.14285714285714
"256","{Product F,Product J} => {Product H}",0.266666666666667,0.8,1.71428571428571
"257","{Product H,Product J} => {Product I}",0.266666666666667,1,1.36363636363636
"258","{Product H,Product I} => {Product J}",0.266666666666667,1,2.5
"259","{Product F,Product J} => {Product I}",0.333333333333333,1,1.36363636363636
"260","{Product I,Product J} => {Product F}",0.333333333333333,0.833333333333333,1.78571428571429
"261","{Product F,Product I} => {Product J}",0.333333333333333,1,2.5
"262","{Product H,Product I} => {Product F}",0.266666666666667,1,2.14285714285714
"263","{Product F,Product I} => {Product H}",0.266666666666667,0.8,1.71428571428571
"264","{Product D,Product G,Product N} => {Product E}",0.0666666666666667,1,2.5
"265","{Product D,Product E,Product N} => {Product G}",0.0666666666666667,1,3
"266","{Product E,Product G,Product N} => {Product D}",0.0666666666666667,1,5
"267","{Product D,Product G,Product N} => {Product H}",0.0666666666666667,1,2.14285714285714
"268","{Product D,Product H,Product N} => {Product G}",0.0666666666666667,1,3
"269","{Product G,Product H,Product N} => {Product D}",0.0666666666666667,1,5
"270","{Product D,Product G,Product N} => {Product F}",0.0666666666666667,1,2.14285714285714
"271","{Product D,Product F,Product N} => {Product G}",0.0666666666666667,1,3
"272","{Product F,Product G,Product N} => {Product D}",0.0666666666666667,1,5
"273","{Product D,Product E,Product N} => {Product H}",0.0666666666666667,1,2.14285714285714
"274","{Product D,Product H,Product N} => {Product E}",0.0666666666666667,1,2.5
"275","{Product E,Product H,Product N} => {Product D}",0.0666666666666667,1,5
"276","{Product D,Product E,Product N} => {Product F}",0.0666666666666667,1,2.14285714285714
"277","{Product D,Product F,Product N} => {Product E}",0.0666666666666667,1,2.5
"278","{Product E,Product F,Product N} => {Product D}",0.0666666666666667,1,5
"279","{Product D,Product H,Product N} => {Product F}",0.0666666666666667,1,2.14285714285714
"280","{Product D,Product F,Product N} => {Product H}",0.0666666666666667,1,2.14285714285714
"281","{Product F,Product H,Product N} => {Product D}",0.0666666666666667,1,5
"282","{Product E,Product G,Product N} => {Product H}",0.0666666666666667,1,2.14285714285714
"283","{Product G,Product H,Product N} => {Product E}",0.0666666666666667,1,2.5
"284","{Product E,Product H,Product N} => {Product G}",0.0666666666666667,1,3
"285","{Product E,Product G,Product N} => {Product F}",0.0666666666666667,1,2.14285714285714
"286","{Product F,Product G,Product N} => {Product E}",0.0666666666666667,1,2.5
"287","{Product E,Product F,Product N} => {Product G}",0.0666666666666667,1,3
"288","{Product G,Product H,Product N} => {Product F}",0.0666666666666667,1,2.14285714285714
"289","{Product F,Product G,Product N} => {Product H}",0.0666666666666667,1,2.14285714285714
"290","{Product F,Product H,Product N} => {Product G}",0.0666666666666667,1,3
"291","{Product E,Product H,Product N} => {Product F}",0.0666666666666667,1,2.14285714285714
"292","{Product E,Product F,Product N} => {Product H}",0.0666666666666667,1,2.14285714285714
"293","{Product F,Product H,Product N} => {Product E}",0.0666666666666667,1,2.5
"294","{Product D,Product K,Product O} => {Product G}",0.0666666666666667,1,3
"295","{Product D,Product G,Product K} => {Product O}",0.0666666666666667,1,3.75
"296","{Product D,Product G,Product O} => {Product K}",0.0666666666666667,1,5
"297","{Product G,Product K,Product O} => {Product D}",0.0666666666666667,1,5
"298","{Product D,Product K,Product O} => {Product E}",0.0666666666666667,1,2.5
"299","{Product D,Product E,Product K} => {Product O}",0.0666666666666667,1,3.75
"300","{Product D,Product E,Product O} => {Product K}",0.0666666666666667,1,5
"301","{Product E,Product K,Product O} => {Product D}",0.0666666666666667,1,5
"302","{Product D,Product K,Product O} => {Product J}",0.0666666666666667,1,2.5
"303","{Product D,Product J,Product K} => {Product O}",0.0666666666666667,1,3.75
"304","{Product D,Product J,Product O} => {Product K}",0.0666666666666667,1,5
"305","{Product J,Product K,Product O} => {Product D}",0.0666666666666667,1,5
"306","{Product D,Product K,Product O} => {Product H}",0.0666666666666667,1,2.14285714285714
"307","{Product D,Product H,Product K} => {Product O}",0.0666666666666667,1,3.75
"308","{Product D,Product H,Product O} => {Product K}",0.0666666666666667,1,5
"309","{Product H,Product K,Product O} => {Product D}",0.0666666666666667,1,5
"310","{Product D,Product K,Product O} => {Product F}",0.0666666666666667,1,2.14285714285714
"311","{Product D,Product F,Product K} => {Product O}",0.0666666666666667,1,3.75
"312","{Product D,Product F,Product O} => {Product K}",0.0666666666666667,1,5
"313","{Product F,Product K,Product O} => {Product D}",0.0666666666666667,1,5
"314","{Product D,Product K,Product O} => {Product I}",0.0666666666666667,1,1.36363636363636
"315","{Product D,Product I,Product K} => {Product O}",0.0666666666666667,1,3.75
"316","{Product D,Product I,Product O} => {Product K}",0.0666666666666667,1,5
"317","{Product I,Product K,Product O} => {Product D}",0.0666666666666667,1,5
"318","{Product D,Product G,Product K} => {Product E}",0.0666666666666667,1,2.5
"319","{Product D,Product E,Product K} => {Product G}",0.0666666666666667,1,3
"320","{Product D,Product G,Product K} => {Product J}",0.0666666666666667,1,2.5
"321","{Product D,Product J,Product K} => {Product G}",0.0666666666666667,1,3
"322","{Product D,Product G,Product J} => {Product K}",0.0666666666666667,1,5
"323","{Product D,Product G,Product K} => {Product H}",0.0666666666666667,1,2.14285714285714
"324","{Product D,Product H,Product K} => {Product G}",0.0666666666666667,1,3
"325","{Product D,Product G,Product K} => {Product F}",0.0666666666666667,1,2.14285714285714
"326","{Product D,Product F,Product K} => {Product G}",0.0666666666666667,1,3
"327","{Product D,Product G,Product K} => {Product I}",0.0666666666666667,1,1.36363636363636
"328","{Product D,Product I,Product K} => {Product G}",0.0666666666666667,1,3
"329","{Product D,Product G,Product I} => {Product K}",0.0666666666666667,1,5
"330","{Product D,Product E,Product K} => {Product J}",0.0666666666666667,1,2.5
"331","{Product D,Product J,Product K} => {Product E}",0.0666666666666667,1,2.5
"332","{Product D,Product E,Product J} => {Product K}",0.0666666666666667,1,5
"333","{Product D,Product E,Product K} => {Product H}",0.0666666666666667,1,2.14285714285714
"334","{Product D,Product H,Product K} => {Product E}",0.0666666666666667,1,2.5
"335","{Product D,Product E,Product K} => {Product F}",0.0666666666666667,1,2.14285714285714
"336","{Product D,Product F,Product K} => {Product E}",0.0666666666666667,1,2.5
"337","{Product D,Product E,Product K} => {Product I}",0.0666666666666667,1,1.36363636363636
"338","{Product D,Product I,Product K} => {Product E}",0.0666666666666667,1,2.5
"339","{Product D,Product E,Product I} => {Product K}",0.0666666666666667,1,5
"340","{Product D,Product J,Product K} => {Product H}",0.0666666666666667,1,2.14285714285714
"341","{Product D,Product H,Product K} => {Product J}",0.0666666666666667,1,2.5
"342","{Product D,Product H,Product J} => {Product K}",0.0666666666666667,1,5
"343","{Product D,Product J,Product K} => {Product F}",0.0666666666666667,1,2.14285714285714
"344","{Product D,Product F,Product K} => {Product J}",0.0666666666666667,1,2.5
"345","{Product D,Product F,Product J} => {Product K}",0.0666666666666667,1,5
"346","{Product D,Product J,Product K} => {Product I}",0.0666666666666667,1,1.36363636363636
"347","{Product D,Product I,Product K} => {Product J}",0.0666666666666667,1,2.5
"348","{Product D,Product I,Product J} => {Product K}",0.0666666666666667,1,5
"349","{Product D,Product H,Product K} => {Product F}",0.0666666666666667,1,2.14285714285714
"350","{Product D,Product F,Product K} => {Product H}",0.0666666666666667,1,2.14285714285714
"351","{Product D,Product H,Product K} => {Product I}",0.0666666666666667,1,1.36363636363636
"352","{Product D,Product I,Product K} => {Product H}",0.0666666666666667,1,2.14285714285714
"353","{Product D,Product H,Product I} => {Product K}",0.0666666666666667,1,5
"354","{Product D,Product F,Product K} => {Product I}",0.0666666666666667,1,1.36363636363636
"355","{Product D,Product I,Product K} => {Product F}",0.0666666666666667,1,2.14285714285714
"356","{Product D,Product F,Product I} => {Product K}",0.0666666666666667,1,5
"357","{Product D,Product G,Product O} => {Product E}",0.0666666666666667,1,2.5
"358","{Product D,Product E,Product O} => {Product G}",0.0666666666666667,1,3
"359","{Product E,Product G,Product O} => {Product D}",0.0666666666666667,1,5
"360","{Product D,Product G,Product O} => {Product J}",0.0666666666666667,1,2.5
"361","{Product D,Product J,Product O} => {Product G}",0.0666666666666667,1,3
"362","{Product D,Product G,Product J} => {Product O}",0.0666666666666667,1,3.75
"363","{Product G,Product J,Product O} => {Product D}",0.0666666666666667,1,5
"364","{Product D,Product G,Product O} => {Product H}",0.0666666666666667,1,2.14285714285714
"365","{Product D,Product H,Product O} => {Product G}",0.0666666666666667,1,3
"366","{Product G,Product H,Product O} => {Product D}",0.0666666666666667,1,5
"367","{Product D,Product G,Product O} => {Product F}",0.0666666666666667,1,2.14285714285714
"368","{Product D,Product F,Product O} => {Product G}",0.0666666666666667,1,3
"369","{Product F,Product G,Product O} => {Product D}",0.0666666666666667,1,5
"370","{Product D,Product G,Product O} => {Product I}",0.0666666666666667,1,1.36363636363636
"371","{Product D,Product I,Product O} => {Product G}",0.0666666666666667,1,3
"372","{Product D,Product G,Product I} => {Product O}",0.0666666666666667,1,3.75
"373","{Product G,Product I,Product O} => {Product D}",0.0666666666666667,1,5
"374","{Product D,Product E,Product O} => {Product J}",0.0666666666666667,1,2.5
"375","{Product D,Product J,Product O} => {Product E}",0.0666666666666667,1,2.5
"376","{Product D,Product E,Product J} => {Product O}",0.0666666666666667,1,3.75
"377","{Product E,Product J,Product O} => {Product D}",0.0666666666666667,1,5
"378","{Product D,Product E,Product O} => {Product H}",0.0666666666666667,1,2.14285714285714
"379","{Product D,Product H,Product O} => {Product E}",0.0666666666666667,1,2.5
"380","{Product E,Product H,Product O} => {Product D}",0.0666666666666667,1,5
"381","{Product D,Product E,Product O} => {Product F}",0.0666666666666667,1,2.14285714285714
"382","{Product D,Product F,Product O} => {Product E}",0.0666666666666667,1,2.5
"383","{Product E,Product F,Product O} => {Product D}",0.0666666666666667,1,5
"384","{Product D,Product E,Product O} => {Product I}",0.0666666666666667,1,1.36363636363636
"385","{Product D,Product I,Product O} => {Product E}",0.0666666666666667,1,2.5
"386","{Product D,Product E,Product I} => {Product O}",0.0666666666666667,1,3.75
"387","{Product E,Product I,Product O} => {Product D}",0.0666666666666667,1,5
"388","{Product D,Product J,Product O} => {Product H}",0.0666666666666667,1,2.14285714285714
"389","{Product D,Product H,Product O} => {Product J}",0.0666666666666667,1,2.5
"390","{Product D,Product H,Product J} => {Product O}",0.0666666666666667,1,3.75
"391","{Product H,Product J,Product O} => {Product D}",0.0666666666666667,1,5
"392","{Product D,Product J,Product O} => {Product F}",0.0666666666666667,1,2.14285714285714
"393","{Product D,Product F,Product O} => {Product J}",0.0666666666666667,1,2.5
"394","{Product D,Product F,Product J} => {Product O}",0.0666666666666667,1,3.75
"395","{Product F,Product J,Product O} => {Product D}",0.0666666666666667,1,5
"396","{Product D,Product J,Product O} => {Product I}",0.0666666666666667,1,1.36363636363636
"397","{Product D,Product I,Product O} => {Product J}",0.0666666666666667,1,2.5
"398","{Product D,Product I,Product J} => {Product O}",0.0666666666666667,1,3.75
"399","{Product I,Product J,Product O} => {Product D}",0.0666666666666667,1,5
"400","{Product D,Product H,Product O} => {Product F}",0.0666666666666667,1,2.14285714285714
"401","{Product D,Product F,Product O} => {Product H}",0.0666666666666667,1,2.14285714285714
"402","{Product F,Product H,Product O} => {Product D}",0.0666666666666667,1,5
"403","{Product D,Product H,Product O} => {Product I}",0.0666666666666667,1,1.36363636363636
"404","{Product D,Product I,Product O} => {Product H}",0.0666666666666667,1,2.14285714285714
"405","{Product D,Product H,Product I} => {Product O}",0.0666666666666667,1,3.75
"406","{Product H,Product I,Product O} => {Product D}",0.0666666666666667,1,5
"407","{Product D,Product F,Product O} => {Product I}",0.0666666666666667,1,1.36363636363636
"408","{Product D,Product I,Product O} => {Product F}",0.0666666666666667,1,2.14285714285714
"409","{Product D,Product F,Product I} => {Product O}",0.0666666666666667,1,3.75
"410","{Product F,Product I,Product O} => {Product D}",0.0666666666666667,1,5
"411","{Product D,Product G,Product J} => {Product E}",0.0666666666666667,1,2.5
"412","{Product D,Product E,Product J} => {Product G}",0.0666666666666667,1,3
"413","{Product D,Product E,Product G} => {Product H}",0.2,1,2.14285714285714
"414","{Product D,Product G,Product H} => {Product E}",0.2,1,2.5
"415","{Product D,Product E,Product H} => {Product G}",0.2,1,3
"416","{Product D,Product E,Product G} => {Product F}",0.2,1,2.14285714285714
"417","{Product D,Product F,Product G} => {Product E}",0.2,1,2.5
"418","{Product D,Product E,Product F} => {Product G}",0.2,1,3
"419","{Product D,Product G,Product I} => {Product E}",0.0666666666666667,1,2.5
"420","{Product D,Product E,Product I} => {Product G}",0.0666666666666667,1,3
"421","{Product D,Product G,Product J} => {Product H}",0.0666666666666667,1,2.14285714285714
"422","{Product D,Product H,Product J} => {Product G}",0.0666666666666667,1,3
"423","{Product D,Product G,Product J} => {Product F}",0.0666666666666667,1,2.14285714285714
"424","{Product D,Product F,Product J} => {Product G}",0.0666666666666667,1,3
"425","{Product D,Product G,Product J} => {Product I}",0.0666666666666667,1,1.36363636363636
"426","{Product D,Product G,Product I} => {Product J}",0.0666666666666667,1,2.5
"427","{Product D,Product I,Product J} => {Product G}",0.0666666666666667,1,3
"428","{Product D,Product G,Product H} => {Product F}",0.2,1,2.14285714285714
"429","{Product D,Product F,Product G} => {Product H}",0.2,1,2.14285714285714
"430","{Product D,Product F,Product H} => {Product G}",0.2,1,3
"431","{Product D,Product G,Product I} => {Product H}",0.0666666666666667,1,2.14285714285714
"432","{Product D,Product H,Product I} => {Product G}",0.0666666666666667,1,3
"433","{Product D,Product G,Product I} => {Product F}",0.0666666666666667,1,2.14285714285714
"434","{Product D,Product F,Product I} => {Product G}",0.0666666666666667,1,3
"435","{Product D,Product E,Product J} => {Product H}",0.0666666666666667,1,2.14285714285714
"436","{Product D,Product H,Product J} => {Product E}",0.0666666666666667,1,2.5
"437","{Product D,Product E,Product J} => {Product F}",0.0666666666666667,1,2.14285714285714
"438","{Product D,Product F,Product J} => {Product E}",0.0666666666666667,1,2.5
"439","{Product D,Product E,Product J} => {Product I}",0.0666666666666667,1,1.36363636363636
"440","{Product D,Product E,Product I} => {Product J}",0.0666666666666667,1,2.5
"441","{Product D,Product I,Product J} => {Product E}",0.0666666666666667,1,2.5
"442","{Product D,Product E,Product H} => {Product F}",0.2,1,2.14285714285714
"443","{Product D,Product E,Product F} => {Product H}",0.2,1,2.14285714285714
"444","{Product D,Product F,Product H} => {Product E}",0.2,1,2.5
"445","{Product D,Product E,Product I} => {Product H}",0.0666666666666667,1,2.14285714285714
"446","{Product D,Product H,Product I} => {Product E}",0.0666666666666667,1,2.5
"447","{Product D,Product E,Product I} => {Product F}",0.0666666666666667,1,2.14285714285714
"448","{Product D,Product F,Product I} => {Product E}",0.0666666666666667,1,2.5
"449","{Product D,Product H,Product J} => {Product F}",0.0666666666666667,1,2.14285714285714
"450","{Product D,Product F,Product J} => {Product H}",0.0666666666666667,1,2.14285714285714
"451","{Product D,Product H,Product J} => {Product I}",0.0666666666666667,1,1.36363636363636
"452","{Product D,Product I,Product J} => {Product H}",0.0666666666666667,1,2.14285714285714
"453","{Product D,Product H,Product I} => {Product J}",0.0666666666666667,1,2.5
"454","{Product D,Product F,Product J} => {Product I}",0.0666666666666667,1,1.36363636363636
"455","{Product D,Product I,Product J} => {Product F}",0.0666666666666667,1,2.14285714285714
"456","{Product D,Product F,Product I} => {Product J}",0.0666666666666667,1,2.5
"457","{Product D,Product H,Product I} => {Product F}",0.0666666666666667,1,2.14285714285714
"458","{Product D,Product F,Product I} => {Product H}",0.0666666666666667,1,2.14285714285714
"459","{Product G,Product K,Product O} => {Product E}",0.0666666666666667,1,2.5
"460","{Product E,Product K,Product O} => {Product G}",0.0666666666666667,1,3
"461","{Product E,Product G,Product O} => {Product K}",0.0666666666666667,1,5
"462","{Product G,Product K,Product O} => {Product J}",0.0666666666666667,1,2.5
"463","{Product J,Product K,Product O} => {Product G}",0.0666666666666667,1,3
"464","{Product G,Product J,Product O} => {Product K}",0.0666666666666667,1,5
"465","{Product G,Product K,Product O} => {Product H}",0.0666666666666667,1,2.14285714285714
"466","{Product H,Product K,Product O} => {Product G}",0.0666666666666667,1,3
"467","{Product G,Product H,Product O} => {Product K}",0.0666666666666667,1,5
"468","{Product G,Product K,Product O} => {Product F}",0.0666666666666667,1,2.14285714285714
"469","{Product F,Product K,Product O} => {Product G}",0.0666666666666667,1,3
"470","{Product F,Product G,Product O} => {Product K}",0.0666666666666667,1,5
"471","{Product G,Product K,Product O} => {Product I}",0.0666666666666667,1,1.36363636363636
"472","{Product I,Product K,Product O} => {Product G}",0.0666666666666667,1,3
"473","{Product G,Product I,Product O} => {Product K}",0.0666666666666667,1,5
"474","{Product E,Product K,Product O} => {Product J}",0.0666666666666667,1,2.5
"475","{Product J,Product K,Product O} => {Product E}",0.0666666666666667,1,2.5
"476","{Product E,Product J,Product O} => {Product K}",0.0666666666666667,1,5
"477","{Product E,Product K,Product O} => {Product H}",0.0666666666666667,1,2.14285714285714
"478","{Product H,Product K,Product O} => {Product E}",0.0666666666666667,1,2.5
"479","{Product E,Product H,Product O} => {Product K}",0.0666666666666667,1,5
"480","{Product E,Product K,Product O} => {Product F}",0.0666666666666667,1,2.14285714285714
"481","{Product F,Product K,Product O} => {Product E}",0.0666666666666667,1,2.5
"482","{Product E,Product F,Product O} => {Product K}",0.0666666666666667,1,5
"483","{Product E,Product K,Product O} => {Product I}",0.0666666666666667,1,1.36363636363636
"484","{Product I,Product K,Product O} => {Product E}",0.0666666666666667,1,2.5
"485","{Product E,Product I,Product O} => {Product K}",0.0666666666666667,1,5
"486","{Product J,Product K,Product O} => {Product H}",0.0666666666666667,1,2.14285714285714
"487","{Product H,Product K,Product O} => {Product J}",0.0666666666666667,1,2.5
"488","{Product H,Product J,Product O} => {Product K}",0.0666666666666667,1,5
"489","{Product J,Product K,Product O} => {Product F}",0.0666666666666667,1,2.14285714285714
"490","{Product F,Product K,Product O} => {Product J}",0.0666666666666667,1,2.5
"491","{Product F,Product J,Product O} => {Product K}",0.0666666666666667,1,5
"492","{Product J,Product K,Product O} => {Product I}",0.0666666666666667,1,1.36363636363636
"493","{Product I,Product K,Product O} => {Product J}",0.0666666666666667,1,2.5
"494","{Product I,Product J,Product O} => {Product K}",0.0666666666666667,1,5
"495","{Product H,Product K,Product O} => {Product F}",0.0666666666666667,1,2.14285714285714
"496","{Product F,Product K,Product O} => {Product H}",0.0666666666666667,1,2.14285714285714
"497","{Product F,Product H,Product O} => {Product K}",0.0666666666666667,1,5
"498","{Product H,Product K,Product O} => {Product I}",0.0666666666666667,1,1.36363636363636
"499","{Product I,Product K,Product O} => {Product H}",0.0666666666666667,1,2.14285714285714
"500","{Product H,Product I,Product O} => {Product K}",0.0666666666666667,1,5
"501","{Product F,Product K,Product O} => {Product I}",0.0666666666666667,1,1.36363636363636
"502","{Product I,Product K,Product O} => {Product F}",0.0666666666666667,1,2.14285714285714
"503","{Product F,Product I,Product O} => {Product K}",0.0666666666666667,1,5
"504","{Product E,Product G,Product K} => {Product J}",0.133333333333333,1,2.5
"505","{Product G,Product J,Product K} => {Product E}",0.133333333333333,1,2.5
"506","{Product E,Product G,Product J} => {Product K}",0.133333333333333,1,5
"507","{Product E,Product G,Product K} => {Product H}",0.133333333333333,1,2.14285714285714
"508","{Product G,Product H,Product K} => {Product E}",0.133333333333333,1,2.5
"509","{Product E,Product G,Product K} => {Product F}",0.133333333333333,1,2.14285714285714
"510","{Product F,Product G,Product K} => {Product E}",0.133333333333333,1,2.5
"511","{Product E,Product G,Product K} => {Product I}",0.133333333333333,1,1.36363636363636
"512","{Product G,Product I,Product K} => {Product E}",0.133333333333333,1,2.5
"513","{Product E,Product G,Product I} => {Product K}",0.133333333333333,1,5
"514","{Product G,Product J,Product K} => {Product H}",0.133333333333333,1,2.14285714285714
"515","{Product G,Product H,Product K} => {Product J}",0.133333333333333,1,2.5
"516","{Product G,Product H,Product J} => {Product K}",0.133333333333333,1,5
"517","{Product G,Product J,Product K} => {Product F}",0.133333333333333,1,2.14285714285714
"518","{Product F,Product G,Product K} => {Product J}",0.133333333333333,1,2.5
"519","{Product G,Product J,Product K} => {Product I}",0.133333333333333,1,1.36363636363636
"520","{Product G,Product I,Product K} => {Product J}",0.133333333333333,1,2.5
"521","{Product G,Product H,Product K} => {Product F}",0.133333333333333,1,2.14285714285714
"522","{Product F,Product G,Product K} => {Product H}",0.133333333333333,1,2.14285714285714
"523","{Product G,Product H,Product K} => {Product I}",0.133333333333333,1,1.36363636363636
"524","{Product G,Product I,Product K} => {Product H}",0.133333333333333,1,2.14285714285714
"525","{Product G,Product H,Product I} => {Product K}",0.133333333333333,1,5
"526","{Product F,Product G,Product K} => {Product I}",0.133333333333333,1,1.36363636363636
"527","{Product G,Product I,Product K} => {Product F}",0.133333333333333,1,2.14285714285714
"528","{Product E,Product J,Product K} => {Product H}",0.2,1,2.14285714285714
"529","{Product E,Product H,Product K} => {Product J}",0.2,1,2.5
"530","{Product H,Product J,Product K} => {Product E}",0.2,1,2.5
"531","{Product E,Product H,Product J} => {Product K}",0.2,1,5
"532","{Product E,Product J,Product K} => {Product F}",0.2,1,2.14285714285714
"533","{Product E,Product F,Product K} => {Product J}",0.2,1,2.5
"534","{Product F,Product J,Product K} => {Product E}",0.2,1,2.5
"535","{Product E,Product F,Product J} => {Product K}",0.2,1,5
"536","{Product E,Product J,Product K} => {Product I}",0.2,1,1.36363636363636
"537","{Product E,Product I,Product K} => {Product J}",0.2,1,2.5
"538","{Product I,Product J,Product K} => {Product E}",0.2,1,2.5
"539","{Product E,Product I,Product J} => {Product K}",0.2,1,5
"540","{Product E,Product H,Product K} => {Product F}",0.2,1,2.14285714285714
"541","{Product E,Product F,Product K} => {Product H}",0.2,1,2.14285714285714
"542","{Product F,Product H,Product K} => {Product E}",0.2,1,2.5
"543","{Product E,Product H,Product K} => {Product I}",0.2,1,1.36363636363636
"544","{Product E,Product I,Product K} => {Product H}",0.2,1,2.14285714285714
"545","{Product H,Product I,Product K} => {Product E}",0.2,1,2.5
"546","{Product E,Product H,Product I} => {Product K}",0.2,1,5
"547","{Product E,Product F,Product K} => {Product I}",0.2,1,1.36363636363636
"548","{Product E,Product I,Product K} => {Product F}",0.2,1,2.14285714285714
"549","{Product F,Product I,Product K} => {Product E}",0.2,1,2.5
"550","{Product E,Product F,Product I} => {Product K}",0.2,1,5
"551","{Product H,Product J,Product K} => {Product F}",0.2,1,2.14285714285714
"552","{Product F,Product J,Product K} => {Product H}",0.2,1,2.14285714285714
"553","{Product F,Product H,Product K} => {Product J}",0.2,1,2.5
"554","{Product H,Product J,Product K} => {Product I}",0.2,1,1.36363636363636
"555","{Product I,Product J,Product K} => {Product H}",0.2,1,2.14285714285714
"556","{Product H,Product I,Product K} => {Product J}",0.2,1,2.5
"557","{Product F,Product J,Product K} => {Product I}",0.2,1,1.36363636363636
"558","{Product I,Product J,Product K} => {Product F}",0.2,1,2.14285714285714
"559","{Product F,Product I,Product K} => {Product J}",0.2,1,2.5
"560","{Product F,Product H,Product K} => {Product I}",0.2,1,1.36363636363636
"561","{Product H,Product I,Product K} => {Product F}",0.2,1,2.14285714285714
"562","{Product F,Product I,Product K} => {Product H}",0.2,1,2.14285714285714
"563","{Product L,Product M,Product O} => {Product B}",0.0666666666666667,1,2.5
"564","{Product B,Product M,Product O} => {Product L}",0.0666666666666667,1,3
"565","{Product B,Product L,Product M} => {Product O}",0.0666666666666667,1,3.75
"566","{Product B,Product L,Product O} => {Product M}",0.0666666666666667,1,3.75
"567","{Product L,Product M,Product O} => {Product C}",0.0666666666666667,1,2.14285714285714
"568","{Product C,Product M,Product O} => {Product L}",0.0666666666666667,1,3
"569","{Product C,Product L,Product O} => {Product M}",0.0666666666666667,1,3.75
"570","{Product B,Product M,Product O} => {Product C}",0.0666666666666667,1,2.14285714285714
"571","{Product C,Product M,Product O} => {Product B}",0.0666666666666667,1,2.5
"572","{Product B,Product L,Product M} => {Product C}",0.0666666666666667,1,2.14285714285714
"573","{Product B,Product C,Product L} => {Product M}",0.0666666666666667,1,3.75
"574","{Product A,Product L,Product M} => {Product J}",0.0666666666666667,1,2.5
"575","{Product A,Product J,Product M} => {Product L}",0.0666666666666667,1,3
"576","{Product A,Product L,Product M} => {Product I}",0.0666666666666667,1,1.36363636363636
"577","{Product C,Product J,Product M} => {Product L}",0.0666666666666667,1,3
"578","{Product C,Product J,Product L} => {Product M}",0.0666666666666667,1,3.75
"579","{Product H,Product L,Product M} => {Product C}",0.0666666666666667,1,2.14285714285714
"580","{Product C,Product H,Product M} => {Product L}",0.0666666666666667,1,3
"581","{Product C,Product H,Product L} => {Product M}",0.0666666666666667,1,3.75
"582","{Product F,Product L,Product M} => {Product C}",0.0666666666666667,1,2.14285714285714
"583","{Product C,Product F,Product M} => {Product L}",0.0666666666666667,1,3
"584","{Product C,Product F,Product L} => {Product M}",0.0666666666666667,1,3.75
"585","{Product C,Product I,Product L} => {Product M}",0.0666666666666667,1,3.75
"586","{Product H,Product L,Product M} => {Product J}",0.0666666666666667,1,2.5
"587","{Product H,Product J,Product M} => {Product L}",0.0666666666666667,1,3
"588","{Product H,Product J,Product L} => {Product M}",0.0666666666666667,1,3.75
"589","{Product F,Product L,Product M} => {Product J}",0.0666666666666667,1,2.5
"590","{Product F,Product J,Product M} => {Product L}",0.0666666666666667,1,3
"591","{Product J,Product L,Product M} => {Product I}",0.133333333333333,1,1.36363636363636
"592","{Product I,Product L,Product M} => {Product J}",0.133333333333333,1,2.5
"593","{Product I,Product J,Product M} => {Product L}",0.133333333333333,1,3
"594","{Product H,Product L,Product M} => {Product F}",0.0666666666666667,1,2.14285714285714
"595","{Product F,Product L,Product M} => {Product H}",0.0666666666666667,1,2.14285714285714
"596","{Product F,Product H,Product M} => {Product L}",0.0666666666666667,1,3
"597","{Product F,Product H,Product L} => {Product M}",0.0666666666666667,1,3.75
"598","{Product H,Product L,Product M} => {Product I}",0.0666666666666667,1,1.36363636363636
"599","{Product H,Product I,Product M} => {Product L}",0.0666666666666667,1,3
"600","{Product H,Product I,Product L} => {Product M}",0.0666666666666667,1,3.75
"601","{Product F,Product L,Product M} => {Product I}",0.0666666666666667,1,1.36363636363636
"602","{Product F,Product I,Product M} => {Product L}",0.0666666666666667,1,3
"603","{Product A,Product B,Product M} => {Product C}",0.0666666666666667,1,2.14285714285714
"604","{Product A,Product C,Product M} => {Product B}",0.0666666666666667,1,2.5
"605","{Product A,Product B,Product M} => {Product I}",0.0666666666666667,1,1.36363636363636
"606","{Product B,Product I,Product M} => {Product A}",0.0666666666666667,1,2.14285714285714
"607","{Product B,Product I,Product M} => {Product C}",0.0666666666666667,1,2.14285714285714
"608","{Product A,Product C,Product M} => {Product I}",0.0666666666666667,1,1.36363636363636
"609","{Product A,Product J,Product M} => {Product I}",0.0666666666666667,1,1.36363636363636
"610","{Product C,Product J,Product M} => {Product H}",0.0666666666666667,1,2.14285714285714
"611","{Product C,Product H,Product M} => {Product J}",0.0666666666666667,1,2.5
"612","{Product H,Product J,Product M} => {Product C}",0.0666666666666667,1,2.14285714285714
"613","{Product C,Product H,Product J} => {Product M}",0.0666666666666667,1,3.75
"614","{Product C,Product J,Product M} => {Product F}",0.0666666666666667,1,2.14285714285714
"615","{Product C,Product F,Product M} => {Product J}",0.0666666666666667,1,2.5
"616","{Product F,Product J,Product M} => {Product C}",0.0666666666666667,1,2.14285714285714
"617","{Product C,Product F,Product J} => {Product M}",0.0666666666666667,1,3.75
"618","{Product C,Product J,Product M} => {Product I}",0.0666666666666667,1,1.36363636363636
"619","{Product C,Product I,Product J} => {Product M}",0.0666666666666667,1,3.75
"620","{Product C,Product H,Product M} => {Product F}",0.0666666666666667,1,2.14285714285714
"621","{Product C,Product F,Product M} => {Product H}",0.0666666666666667,1,2.14285714285714
"622","{Product F,Product H,Product M} => {Product C}",0.0666666666666667,1,2.14285714285714
"623","{Product C,Product F,Product H} => {Product M}",0.0666666666666667,1,3.75
"624","{Product C,Product H,Product M} => {Product I}",0.0666666666666667,1,1.36363636363636
"625","{Product H,Product I,Product M} => {Product C}",0.0666666666666667,1,2.14285714285714
"626","{Product C,Product H,Product I} => {Product M}",0.0666666666666667,1,3.75
"627","{Product C,Product F,Product M} => {Product I}",0.0666666666666667,1,1.36363636363636
"628","{Product F,Product I,Product M} => {Product C}",0.0666666666666667,1,2.14285714285714
"629","{Product C,Product F,Product I} => {Product M}",0.0666666666666667,1,3.75
"630","{Product H,Product J,Product M} => {Product F}",0.0666666666666667,1,2.14285714285714
"631","{Product F,Product J,Product M} => {Product H}",0.0666666666666667,1,2.14285714285714
"632","{Product F,Product H,Product M} => {Product J}",0.0666666666666667,1,2.5
"633","{Product H,Product J,Product M} => {Product I}",0.0666666666666667,1,1.36363636363636
"634","{Product H,Product I,Product M} => {Product J}",0.0666666666666667,1,2.5
"635","{Product F,Product J,Product M} => {Product I}",0.0666666666666667,1,1.36363636363636
"636","{Product F,Product I,Product M} => {Product J}",0.0666666666666667,1,2.5
"637","{Product F,Product H,Product M} => {Product I}",0.0666666666666667,1,1.36363636363636
"638","{Product H,Product I,Product M} => {Product F}",0.0666666666666667,1,2.14285714285714
"639","{Product F,Product I,Product M} => {Product H}",0.0666666666666667,1,2.14285714285714
"640","{Product B,Product L,Product O} => {Product C}",0.0666666666666667,1,2.14285714285714
"641","{Product C,Product L,Product O} => {Product B}",0.0666666666666667,1,2.5
"642","{Product B,Product C,Product L} => {Product O}",0.0666666666666667,1,3.75
"643","{Product A,Product B,Product O} => {Product C}",0.133333333333333,1,2.14285714285714
"644","{Product A,Product C,Product O} => {Product B}",0.133333333333333,1,2.5
"645","{Product A,Product B,Product O} => {Product I}",0.133333333333333,1,1.36363636363636
"646","{Product B,Product I,Product O} => {Product A}",0.133333333333333,1,2.14285714285714
"647","{Product A,Product I,Product O} => {Product B}",0.133333333333333,1,2.5
"648","{Product B,Product I,Product O} => {Product C}",0.133333333333333,1,2.14285714285714
"649","{Product C,Product I,Product O} => {Product B}",0.133333333333333,1,2.5
"650","{Product E,Product G,Product O} => {Product J}",0.0666666666666667,1,2.5
"651","{Product G,Product J,Product O} => {Product E}",0.0666666666666667,1,2.5
"652","{Product E,Product J,Product O} => {Product G}",0.0666666666666667,1,3
"653","{Product E,Product G,Product O} => {Product H}",0.0666666666666667,1,2.14285714285714
"654","{Product G,Product H,Product O} => {Product E}",0.0666666666666667,1,2.5
"655","{Product E,Product H,Product O} => {Product G}",0.0666666666666667,1,3
"656","{Product E,Product G,Product O} => {Product F}",0.0666666666666667,1,2.14285714285714
"657","{Product F,Product G,Product O} => {Product E}",0.0666666666666667,1,2.5
"658","{Product E,Product F,Product O} => {Product G}",0.0666666666666667,1,3
"659","{Product E,Product G,Product O} => {Product I}",0.0666666666666667,1,1.36363636363636
"660","{Product G,Product I,Product O} => {Product E}",0.0666666666666667,1,2.5
"661","{Product E,Product I,Product O} => {Product G}",0.0666666666666667,1,3
"662","{Product G,Product J,Product O} => {Product H}",0.0666666666666667,1,2.14285714285714
"663","{Product G,Product H,Product O} => {Product J}",0.0666666666666667,1,2.5
"664","{Product H,Product J,Product O} => {Product G}",0.0666666666666667,1,3
"665","{Product G,Product J,Product O} => {Product F}",0.0666666666666667,1,2.14285714285714
"666","{Product F,Product G,Product O} => {Product J}",0.0666666666666667,1,2.5
"667","{Product F,Product J,Product O} => {Product G}",0.0666666666666667,1,3
"668","{Product G,Product J,Product O} => {Product I}",0.0666666666666667,1,1.36363636363636
"669","{Product G,Product I,Product O} => {Product J}",0.0666666666666667,1,2.5
"670","{Product I,Product J,Product O} => {Product G}",0.0666666666666667,1,3
"671","{Product G,Product H,Product O} => {Product F}",0.0666666666666667,1,2.14285714285714
"672","{Product F,Product G,Product O} => {Product H}",0.0666666666666667,1,2.14285714285714
"673","{Product F,Product H,Product O} => {Product G}",0.0666666666666667,1,3
"674","{Product G,Product H,Product O} => {Product I}",0.0666666666666667,1,1.36363636363636
"675","{Product G,Product I,Product O} => {Product H}",0.0666666666666667,1,2.14285714285714
"676","{Product H,Product I,Product O} => {Product G}",0.0666666666666667,1,3
"677","{Product F,Product G,Product O} => {Product I}",0.0666666666666667,1,1.36363636363636
"678","{Product G,Product I,Product O} => {Product F}",0.0666666666666667,1,2.14285714285714
"679","{Product F,Product I,Product O} => {Product G}",0.0666666666666667,1,3
"680","{Product A,Product C,Product O} => {Product I}",0.133333333333333,1,1.36363636363636
"681","{Product A,Product I,Product O} => {Product C}",0.133333333333333,1,2.14285714285714
"682","{Product C,Product I,Product O} => {Product A}",0.133333333333333,1,2.14285714285714
"683","{Product E,Product J,Product O} => {Product H}",0.0666666666666667,1,2.14285714285714
"684","{Product E,Product H,Product O} => {Product J}",0.0666666666666667,1,2.5
"685","{Product H,Product J,Product O} => {Product E}",0.0666666666666667,1,2.5
"686","{Product E,Product J,Product O} => {Product F}",0.0666666666666667,1,2.14285714285714
"687","{Product E,Product F,Product O} => {Product J}",0.0666666666666667,1,2.5
"688","{Product F,Product J,Product O} => {Product E}",0.0666666666666667,1,2.5
"689","{Product E,Product J,Product O} => {Product I}",0.0666666666666667,1,1.36363636363636
"690","{Product E,Product I,Product O} => {Product J}",0.0666666666666667,1,2.5
"691","{Product I,Product J,Product O} => {Product E}",0.0666666666666667,1,2.5
"692","{Product E,Product H,Product O} => {Product F}",0.0666666666666667,1,2.14285714285714
"693","{Product E,Product F,Product O} => {Product H}",0.0666666666666667,1,2.14285714285714
"694","{Product F,Product H,Product O} => {Product E}",0.0666666666666667,1,2.5
"695","{Product E,Product H,Product O} => {Product I}",0.0666666666666667,1,1.36363636363636
"696","{Product E,Product I,Product O} => {Product H}",0.0666666666666667,1,2.14285714285714
"697","{Product H,Product I,Product O} => {Product E}",0.0666666666666667,1,2.5
"698","{Product E,Product F,Product O} => {Product I}",0.0666666666666667,1,1.36363636363636
"699","{Product E,Product I,Product O} => {Product F}",0.0666666666666667,1,2.14285714285714
"700","{Product F,Product I,Product O} => {Product E}",0.0666666666666667,1,2.5
"701","{Product H,Product J,Product O} => {Product F}",0.0666666666666667,1,2.14285714285714
"702","{Product F,Product J,Product O} => {Product H}",0.0666666666666667,1,2.14285714285714
"703","{Product F,Product H,Product O} => {Product J}",0.0666666666666667,1,2.5
"704","{Product H,Product J,Product O} => {Product I}",0.0666666666666667,1,1.36363636363636
"705","{Product I,Product J,Product O} => {Product H}",0.0666666666666667,1,2.14285714285714
"706","{Product H,Product I,Product O} => {Product J}",0.0666666666666667,1,2.5
"707","{Product F,Product J,Product O} => {Product I}",0.0666666666666667,1,1.36363636363636
"708","{Product I,Product J,Product O} => {Product F}",0.0666666666666667,1,2.14285714285714
"709","{Product F,Product I,Product O} => {Product J}",0.0666666666666667,1,2.5
"710","{Product F,Product H,Product O} => {Product I}",0.0666666666666667,1,1.36363636363636
"711","{Product H,Product I,Product O} => {Product F}",0.0666666666666667,1,2.14285714285714
"712","{Product F,Product I,Product O} => {Product H}",0.0666666666666667,1,2.14285714285714
"713","{Product A,Product G,Product L} => {Product J}",0.0666666666666667,1,2.5
"714","{Product G,Product J,Product L} => {Product A}",0.0666666666666667,1,2.14285714285714
"715","{Product A,Product G,Product J} => {Product L}",0.0666666666666667,1,3
"716","{Product A,Product G,Product L} => {Product F}",0.0666666666666667,1,2.14285714285714
"717","{Product F,Product G,Product L} => {Product A}",0.0666666666666667,1,2.14285714285714
"718","{Product A,Product F,Product L} => {Product G}",0.0666666666666667,1,3
"719","{Product A,Product F,Product G} => {Product L}",0.0666666666666667,1,3
"720","{Product A,Product G,Product L} => {Product I}",0.0666666666666667,1,1.36363636363636
"721","{Product G,Product I,Product L} => {Product A}",0.0666666666666667,1,2.14285714285714
"722","{Product A,Product G,Product I} => {Product L}",0.0666666666666667,1,3
"723","{Product G,Product J,Product L} => {Product F}",0.0666666666666667,1,2.14285714285714
"724","{Product F,Product G,Product L} => {Product J}",0.0666666666666667,1,2.5
"725","{Product G,Product J,Product L} => {Product I}",0.0666666666666667,1,1.36363636363636
"726","{Product G,Product I,Product L} => {Product J}",0.0666666666666667,1,2.5
"727","{Product F,Product G,Product L} => {Product I}",0.0666666666666667,1,1.36363636363636
"728","{Product G,Product I,Product L} => {Product F}",0.0666666666666667,1,2.14285714285714
"729","{Product A,Product F,Product L} => {Product J}",0.0666666666666667,1,2.5
"730","{Product A,Product F,Product J} => {Product L}",0.0666666666666667,1,3
"731","{Product A,Product J,Product L} => {Product I}",0.133333333333333,1,1.36363636363636
"732","{Product A,Product I,Product L} => {Product J}",0.133333333333333,1,2.5
"733","{Product A,Product I,Product J} => {Product L}",0.133333333333333,1,3
"734","{Product A,Product F,Product L} => {Product I}",0.0666666666666667,1,1.36363636363636
"735","{Product A,Product F,Product I} => {Product L}",0.0666666666666667,1,3
"736","{Product C,Product J,Product L} => {Product H}",0.0666666666666667,1,2.14285714285714
"737","{Product C,Product H,Product L} => {Product J}",0.0666666666666667,1,2.5
"738","{Product H,Product J,Product L} => {Product C}",0.0666666666666667,1,2.14285714285714
"739","{Product C,Product H,Product J} => {Product L}",0.0666666666666667,1,3
"740","{Product C,Product J,Product L} => {Product F}",0.0666666666666667,1,2.14285714285714
"741","{Product C,Product F,Product L} => {Product J}",0.0666666666666667,1,2.5
"742","{Product C,Product F,Product J} => {Product L}",0.0666666666666667,1,3
"743","{Product C,Product J,Product L} => {Product I}",0.0666666666666667,1,1.36363636363636
"744","{Product C,Product I,Product L} => {Product J}",0.0666666666666667,1,2.5
"745","{Product C,Product I,Product J} => {Product L}",0.0666666666666667,1,3
"746","{Product C,Product H,Product L} => {Product F}",0.0666666666666667,1,2.14285714285714
"747","{Product C,Product F,Product L} => {Product H}",0.0666666666666667,1,2.14285714285714
"748","{Product F,Product H,Product L} => {Product C}",0.0666666666666667,1,2.14285714285714
"749","{Product C,Product F,Product H} => {Product L}",0.0666666666666667,1,3
"750","{Product C,Product H,Product L} => {Product I}",0.0666666666666667,1,1.36363636363636
"751","{Product C,Product I,Product L} => {Product H}",0.0666666666666667,1,2.14285714285714
"752","{Product H,Product I,Product L} => {Product C}",0.0666666666666667,1,2.14285714285714
"753","{Product C,Product H,Product I} => {Product L}",0.0666666666666667,1,3
"754","{Product C,Product F,Product L} => {Product I}",0.0666666666666667,1,1.36363636363636
"755","{Product C,Product I,Product L} => {Product F}",0.0666666666666667,1,2.14285714285714
"756","{Product C,Product F,Product I} => {Product L}",0.0666666666666667,1,3
"757","{Product H,Product J,Product L} => {Product F}",0.0666666666666667,1,2.14285714285714
"758","{Product F,Product H,Product L} => {Product J}",0.0666666666666667,1,2.5
"759","{Product H,Product J,Product L} => {Product I}",0.0666666666666667,1,1.36363636363636
"760","{Product H,Product I,Product L} => {Product J}",0.0666666666666667,1,2.5
"761","{Product F,Product J,Product L} => {Product I}",0.133333333333333,1,1.36363636363636
"762","{Product F,Product I,Product L} => {Product J}",0.133333333333333,1,2.5
"763","{Product F,Product H,Product L} => {Product I}",0.0666666666666667,1,1.36363636363636
"764","{Product H,Product I,Product L} => {Product F}",0.0666666666666667,1,2.14285714285714
"765","{Product A,Product B,Product C} => {Product I}",0.333333333333333,1,1.36363636363636
"766","{Product A,Product B,Product I} => {Product C}",0.333333333333333,1,2.14285714285714
"767","{Product B,Product C,Product I} => {Product A}",0.333333333333333,1,2.14285714285714
"768","{Product A,Product C,Product I} => {Product B}",0.333333333333333,1,2.5
"769","{Product A,Product G,Product J} => {Product F}",0.0666666666666667,1,2.14285714285714
"770","{Product A,Product F,Product G} => {Product J}",0.0666666666666667,1,2.5
"771","{Product A,Product F,Product J} => {Product G}",0.0666666666666667,1,3
"772","{Product A,Product G,Product J} => {Product I}",0.0666666666666667,1,1.36363636363636
"773","{Product A,Product G,Product I} => {Product J}",0.0666666666666667,1,2.5
"774","{Product A,Product F,Product G} => {Product I}",0.0666666666666667,1,1.36363636363636
"775","{Product A,Product G,Product I} => {Product F}",0.0666666666666667,1,2.14285714285714
"776","{Product A,Product F,Product I} => {Product G}",0.0666666666666667,1,3
"777","{Product E,Product G,Product J} => {Product H}",0.133333333333333,1,2.14285714285714
"778","{Product G,Product H,Product J} => {Product E}",0.133333333333333,1,2.5
"779","{Product E,Product G,Product J} => {Product F}",0.133333333333333,1,2.14285714285714
"780","{Product E,Product G,Product J} => {Product I}",0.133333333333333,1,1.36363636363636
"781","{Product E,Product G,Product I} => {Product J}",0.133333333333333,1,2.5
"782","{Product E,Product G,Product H} => {Product F}",0.266666666666667,1,2.14285714285714
"783","{Product E,Product F,Product G} => {Product H}",0.266666666666667,1,2.14285714285714
"784","{Product F,Product G,Product H} => {Product E}",0.266666666666667,1,2.5
"785","{Product E,Product F,Product H} => {Product G}",0.266666666666667,0.8,2.4
"786","{Product E,Product G,Product I} => {Product H}",0.133333333333333,1,2.14285714285714
"787","{Product G,Product H,Product I} => {Product E}",0.133333333333333,1,2.5
"788","{Product E,Product G,Product I} => {Product F}",0.133333333333333,1,2.14285714285714
"789","{Product G,Product H,Product J} => {Product F}",0.133333333333333,1,2.14285714285714
"790","{Product G,Product H,Product J} => {Product I}",0.133333333333333,1,1.36363636363636
"791","{Product G,Product H,Product I} => {Product J}",0.133333333333333,1,2.5
"792","{Product F,Product G,Product J} => {Product I}",0.2,1,1.36363636363636
"793","{Product G,Product I,Product J} => {Product F}",0.2,1,2.14285714285714
"794","{Product F,Product G,Product I} => {Product J}",0.2,1,2.5
"795","{Product G,Product H,Product I} => {Product F}",0.133333333333333,1,2.14285714285714
"796","{Product A,Product F,Product J} => {Product I}",0.0666666666666667,1,1.36363636363636
"797","{Product A,Product F,Product I} => {Product J}",0.0666666666666667,1,2.5
"798","{Product C,Product H,Product J} => {Product F}",0.0666666666666667,1,2.14285714285714
"799","{Product C,Product F,Product J} => {Product H}",0.0666666666666667,1,2.14285714285714
"800","{Product C,Product F,Product H} => {Product J}",0.0666666666666667,1,2.5
"801","{Product C,Product H,Product J} => {Product I}",0.0666666666666667,1,1.36363636363636
"802","{Product C,Product I,Product J} => {Product H}",0.0666666666666667,1,2.14285714285714
"803","{Product C,Product H,Product I} => {Product J}",0.0666666666666667,1,2.5
"804","{Product C,Product F,Product J} => {Product I}",0.0666666666666667,1,1.36363636363636
"805","{Product C,Product I,Product J} => {Product F}",0.0666666666666667,1,2.14285714285714
"806","{Product C,Product F,Product I} => {Product J}",0.0666666666666667,1,2.5
"807","{Product C,Product F,Product H} => {Product I}",0.0666666666666667,1,1.36363636363636
"808","{Product C,Product H,Product I} => {Product F}",0.0666666666666667,1,2.14285714285714
"809","{Product C,Product F,Product I} => {Product H}",0.0666666666666667,1,2.14285714285714
"810","{Product E,Product H,Product J} => {Product F}",0.2,1,2.14285714285714
"811","{Product E,Product F,Product J} => {Product H}",0.2,1,2.14285714285714
"812","{Product E,Product H,Product J} => {Product I}",0.2,1,1.36363636363636
"813","{Product E,Product I,Product J} => {Product H}",0.2,1,2.14285714285714
"814","{Product E,Product H,Product I} => {Product J}",0.2,1,2.5
"815","{Product E,Product F,Product J} => {Product I}",0.2,1,1.36363636363636
"816","{Product E,Product I,Product J} => {Product F}",0.2,1,2.14285714285714
"817","{Product E,Product F,Product I} => {Product J}",0.2,1,2.5
"818","{Product E,Product H,Product I} => {Product F}",0.2,1,2.14285714285714
"819","{Product E,Product F,Product I} => {Product H}",0.2,1,2.14285714285714
"820","{Product F,Product H,Product J} => {Product I}",0.266666666666667,1,1.36363636363636
"821","{Product H,Product I,Product J} => {Product F}",0.266666666666667,1,2.14285714285714
"822","{Product F,Product I,Product J} => {Product H}",0.266666666666667,0.8,1.71428571428571
"823","{Product F,Product H,Product I} => {Product J}",0.266666666666667,1,2.5
